id,movie
0,"28 Minute Epic"
1,"7 Days in Hell"
2,"9.April"
3,"Absolutely Anything"
4,"Advantageous"
5,"The Age of Adaline"
6,"All Creatures Big and Small"
7,"Alleluia! The Devil's Carnival"
8,"Aloha"
9,"Already Tomorrow In Hong Kong"
10,"Always Watching: A Marble Hornets Story"
11,"American Justice"
12,"American Ultra"
13,"Amy"
14,"Anomalisa"
15,"April and the Extraordinary World"
16,"Attack on Titan"
17,"Ava's Possessions"
18,"Avengers Grimm"
19,"The Bad Education Movie"
20,"Band of Robbers"
21,"Barely Lethal"
22,"Baskin"
23,"Beasts of No Nation"
24,"Big Game"
25,"The Big Short"
26,"Bill"
27,"Bite"
28,"Black Mass"
29,"Blackhat"
30,"Bone Tomahawk"
31,"Bound"
32,"The Boy"
33,"The Boy Next Door"
34,"The Brand New Testament"
35,"Bridge of Spies"
36,"Brooklyn"
37,"Burnt"
38,"Burying the Ex"
39,"The Cannibal in the Jungle"
40,"Capture the Flag"
41,"Carol"
42,"Cat Sick Blues"
43,"Chappie"
44,"Child 44"
45,"A Christmas Horror Story"
46,"Cinderella"
47,"Circle"
48,"Concussion"
49,"Cool Cat Saves the Kids"
50,"Cop Car"
51,"Cowboys vs. Dinosaurs"
52,"Crimson Peak"
53,"Cyberbully"
54,"Daddy's Home"
55,"The Danish Girl"
56,"Deathgasm"
57,"Descendants"
58,"Detective Heart Of America The Final Freedom"
59,"The Devil's Candy"
60,"The Devil's Carnival: Alleluia!"
61,"DISCO"
62,"Dope"
63,"Do You Believe?"
64,"The Dressmaker"
65,"Dude Bro Party Massacre 3"
66,"The Duff"
67,"El Clan"
68,"Embers"
69,"Embrace of the Serpent"
70,"Entourage"
71,"Er Ist Wieder Da"
72,"Everest"
73,"Everly"
74,"Ex Machina"
75,"Fantastic Four (2015)"
76,"Farewell, FamiKamen Rider"
77,"Far from the Madding Crowd"
78,"Final Girl"
79,"The Final Girls"
80,"Fireworks Should We See It From The Side Or The Bottom 2017"
81,"Focus"
82,"Francis: Pray For Me"
83,"Frankenstein"
84,"Freaks of Nature"
85,"The Gallows"
86,"Get Hard"
87,"Going Clear"
88,"Garuda Superhero"
89,"The Gift"
90,"Girls und Panzer der Film"
91,"A Girl Walks Home Alone at Night"
92,"The Good Dinosaur"
93,"Gore Orphanage"
94,"The Green Inferno"
95,"The Gunman"
96,"The Hallow"
97,"Hansel vs. Gretel"
98,"Harbinger Down"
99,"Headless"
100,"Heneral Luna"
101,"He Never Died"
102,"High-Rise"
103,"Hitman: Agent 47"
104,"Holding the Man"
105,"Home"
106,"Hot Tub Time Machine 2"
107,"Howl"
108,"I Am Big Bird"
109,"Infini"
110,"Inside Out"
111,"The Intern"
112,"In the Heart of the Sea"
113,"Invisible Sister"
114,"Intruders"
115,"The Invitation"
116,"Irrational Man"
117,"The Intruders"
118,"It Follows"
119,"Jem and the Holograms"
120,"Joker Game"
121,"Joy"
122,"Jupiter Ascending"
123,"Kamen Rider Drive Surprise Future"
124,"Knock Knock"
125,"Krampus"
126,"The Last Witch Hunter"
127,"Lavalantula"
128,"The Lazarus Effect"
129,"Legend"
130,"The Legend of Wasco"
131,"Lisa The Foxfairy"
132,"Little Boy"
133,"The Little Prince"
134,"The Lobster"
135,"Looney Tunes: Rabbits Run"
136,"Lost After Dark"
137,"Love"
138,"The Lure"
139,"Made In Mongolia"
140,"Mad Max: Fury Road"
141,"A Man Called Ove"
142,"The Man from U.N.C.L.E."
143,"Man Vs"
144,"Marguerite"
145,"The Martian"
146,"McFarland, USA"
147,"Me and Earl and the Dying Girl"
148,"Michiel de Ruyter"
149,"Miss Hokusai"
150,"Momentum"
151,"Mortdecai"
152,"Monkey King: Hero Is Back"
153,"Monster Hunt"
154,"Moonwalkers"
155,"Most Likely To Die"
156,"Mr. Holmes"
157,"Mr. Right"
158,"Mustang"
159,"My Name Is Emily"
160,"The Night Before"
161,"The Night Comes For Us"
162,"No Escape"
163,"Noob: Le Conseil des Trois Factions"
164,"Noob: La Quête Légendaire"
165,"Numb"
166,"On Drakon"
167,"The Ones Below"
168,"Other Halves"
169,"Pan"
170,"Paper Towns"
171,"Parallels"
172,"Patchwork"
173,"The Peanuts Movie"
174,"Pixels"
175,"Playing It Cool"
176,"Pod"
177,"Project Almanac"
178,"Ratchet & Clank"
179,"Ratter"
180,"The Red Turtle"
181,"Remember"
182,"The Revenant"
183,"The Rezort"
184,"Ricki and the Flash"
185,"Road 47"
186,"Road Hard"
187,"Room"
188,"A Royal Night Out"
189,"Run All Night"
190,"San Andreas"
191,"The Sand"
192,"Savageland"
193,"Scouts Guide to the Zombie Apocalypse"
194,"Self/Less"
195,"Seventh Son"
196,"Shaun the Sheep Movie"
197,"Slow West"
198,"Solace"
199,"Son of Saul"
200,"Southbound"
201,"Southpaw"
202,"Spotlight"
203,"The Spongebob Movie Sponge Out Of Water"
204,"Spy"
205,"Steve Jobs"
206,"Straight Outta Compton"
207,"Strange Magic"
208,"Suffragette"
209,"Survivor"
210,"Tag (Riaru Onigokko)"
211,"Tale of Tales"
212,"Tales of Halloween"
213,"Tangerine"
214,"Tanna"
215,"Ted 2"
216,"Thank You For Playing"
217,"They Look Like People"
218,"The 33"
219,"Tomorrowland"
220,"Trainwreck"
221,"Trumbo"
222,"Truth"
223,"United Passions"
224,"Vacation"
225,"Vice"
226,"Victor Frankenstein"
227,"Victoria"
228,"Visions"
229,"The Visit"
230,"The Walk"
231,"The Water Diviner"
232,"The Wave (2015)"
233,"Turbo Kid"
234,"War Room"
235,"We Are Still Here"
236,"The Week"
237,"The Wedding Ringer"
238,"Where Children Play"
239,"The VVitch"
240,"Woman In Gold"
241,"Z for Zachariah"
242,"Zoom"
243,"The Fifth Wave"
244,"13 Hours: The Secret Soldiers of Benghazi"
245,"31"
246,"Abacus: Small Enough to Jail"
247,"The Accountant"
248,"Adventures in Babysitting (2016)"
249,"The African Doctor"
250,"Alice Through the Looking Glass"
251,"Allied"
252,"American Pastoral"
253,"AmeriGeddon"
254,"The Angry Birds Movie"
255,"Anthropoid"
256,"Army of One"
257,"ARQ"
258,"Arrival"
259,"Assassin's Creed (2016)"
260,"The Autopsy of Jane Doe"
261,"Bad Moms"
262,"Ballerina"
263,"This Beautiful Fantastic"
264,"Bedeviled"
265,"Before I Wake"
266,"Ben-Hur"
267,"The BFG"
268,"Big Fish & Begonia"
269,"Billy Lynn's Long Halftime Walk"
270,"The Birth of a Nation (2016)"
271,"Blackway"
272,"Blair Witch"
273,"Blood Father"
274,"The Boss"
275,"Brimstone"
276,"Captain Fantastic"
277,"Catfight"
278,"Central Intelligence"
279,"Christine"
280,"Collateral Beauty"
281,"La Colonia"
282,"Colossal"
283,"Criminal"
284,"Crouching Tiger, Hidden Dragon"
285,"The Darkest Dawn"
286,"A Dark Song"
287,"David Brent Life On The Road"
288,"Deepwater Horizon"
289,"Denial"
290,"Dirty Grandpa"
291,"The Disappointments Room"
292,"Don't Breathe"
293,"Don't Think Twice"
294,"The Eagle Huntress"
295,"Eddie the Eagle"
296,"The Edge of Seventeen"
297,"Elle"
298,"Equals"
299,"Everybody Wants Some!!"
300,"Eye in the Sky"
301,"The Fencer"
302,"The Fundamentals of Caring"
303,"Fences"
304,"Fender Bender"
305,"Finding Dory"
306,"The Finest Hours"
307,"Florence Foster Jenkins"
308,"The Forest (2016)"
309,"Found Footage 3D"
310,"The Founder"
311,"Free State of Jones"
312,"Get a Job"
313,"Ghostbusters (2016)"
314,"The Girl on the Train"
315,"The Girl With All the Gifts"
316,"Giuoco Terapia"
317,"God's Not Dead 2"
318,"Gods of Egypt"
319,"The Greasy Strangler"
320,"The Great Wall"
321,"Green Room"
322,"Grimsby"
323,"Hacksaw Ridge"
324,"Hail, Caesar!"
325,"The Handmaiden"
326,"Hands of Stone"
327,"Hardcore Henry"
328,"The Hateful 8"
329,"Hell House LLC"
330,"Hell or High Water"
331,"Hidden Figures"
332,"Holidays"
333,"House by the Lake"
334,"Howard Lovecraft and the Frozen Kingdom"
335,"Hunt for the Wilderpeople"
336,"Hurricane Bianca"
337,"Hush"
338,"I Am Not a Serial Killer"
339,"I Am Not Your Negro"
340,"I Am the Pretty Thing That Lives in the House"
341,"I, Daniel Blake"
342,"I'm Not Ashamed"
343,"Imperium"
344,"In This Corner of the World"
345,"Independence Day: Resurgence"
346,"Inferno"
347,"The Intervention"
348,"The Invisible Guest"
349,"Jackie"
350,"Jealous Gods"
351,"The Jungle Book"
352,"Keanu"
353,"Kedi"
354,"Keeping Up With The Joneses"
355,"Kingsglaive: Final Fantasy XV"
356,"Kubo and the Two Strings"
357,"La La Land"
358,"Lady Bloodfight"
359,"Lights Out"
360,"Life, Animated"
361,"The Limehouse Golem"
362,"Lion"
363,"Little Door Gods"
364,"Live by Night"
365,"L.O.R.D: Legend of Ravaging Dynasties"
366,"The Love Witch"
367,"Loving"
368,"The Magnificent Seven"
369,"Manchester by the Sea"
370,"Mascots"
371,"Maximum Ride"
372,"Max Steel"
373,"Me Before You"
374,"Middle Man"
375,"Midnight Special"
376,"Mike and Dave Need Wedding Dates"
377,"Min & Max"
378,"Moana"
379,"Moonlight"
380,"Miss Peregrine's Home for Peculiar Children"
381,"Miss Sloane"
382,"Money Monster"
383,"A Monster Calls"
384,"Morgan"
385,"My Life as a Zucchini"
386,"The Neighbor"
387,"The Neon Demon"
388,"Nerve"
389,"The Nice Guys"
390,"Nine Lives"
391,"Nocturnal Animals"
392,"Norm of the North"
393,"Nowhere Boys: The Book of Shadows"
394,"Office Christmas Party"
395,"Ouija: Origin of Evil"
396,"Passengers"
397,"Paterson"
398,"Patriots Day"
399,"Personal Shopper"
400,"Pet"
401,"Pete's Dragon (2016)"
402,"Pride and Prejudice and Zombies"
403,"The Promise"
404,"Popstar: Never Stop Never Stopping"
405,"Queen of Katwe"
406,"Ratchet and Clank"
407,"Revolting Rhymes"
408,"Risen"
409,"Rock Dog"
410,"Sadako Vs Kayako"
411,"The Salesman"
412,"Sam"
413,"Sausage Party"
414,"The Secret Life of Pets"
415,"The Shallows"
416,"Sheep & Wolves"
417,"Shut In"
418,"The Siege of Jadotville"
419,"Silence"
420,"Sing"
421,"Sing Street"
422,"Sisters"
423,"Smoleńsk"
424,"Snowden"
425,"Southside With You"
426,"Space Cop"
427,"Spark"
428,"Spectral"
429,"Star Trek Beyond"
430,"Storks"
431,"Sully"
432,"The Swap"
433,"Swiss Army Man"
434,"Teen Warlock"
435,"Tell Me How I Die"
436,"The Thinning"
437,"To Walk Invisible"
438,"Train to Busan"
439,"Seoul Station"
440,"Triple 9"
441,"Trolls"
442,"True Memoirs of an International Assassin"
443,"20th Century Women"
444,"Uncaged"
445,"A United Kingdom"
446,"USS Indianpolis: Men of Courage"
447,"The Void"
448,"The Wailing"
449,"WarCraft"
450,"War Dogs"
451,"What We Become"
452,"When the Bough Breaks"
453,"Whiskey Tango Foxtrot"
454,"Why Him?"
455,"Wiener Dog"
456,"The Windmill Massacre"
457,"The Young Messiah"
458,"Yoga Hosers"
459,"The Young Offenders"
460,"Your Name"
461,"Zoolander 2"
462,"Zoombies"
463,"Zootopia"
464,"Three Billboards Outside Ebbing, Missouri"
465,"1922"
466,"47 Meters Down"
467,"All the Money in the World"
468,"American Made"
469,"American Satan"
470,"Animal Crackers (2017)"
471,"Anna and the Apocalypse"
472,"Arjun Reddy"
473,"Atomic Blonde"
474,"Baby Driver"
475,"The Babysitter"
476,"Bad Genius"
477,"Battle of the Sexes"
478,"Baywatch"
479,"Beauty and the Beast"
480,"Before I Fall"
481,"The Beguiled"
482,"The Belko Experiment"
483,"Better Watch Out"
484,"The Big Bad Fox and Other Tales"
485,"The Big Sick"
486,"Blazing Samurai"
487,"The Book of Henry"
488,"Boone: The Bounty Hunter"
489,"The Boss Baby"
490,"BPM Beats Per Minute"
491,"Brawl in Cell Block 99"
492,"The Breadwinner"
493,"Bright"
494,"Bushwick"
495,"Brigsby Bear"
496,"The Bye Bye Man"
497,"Call Me by Your Name"
498,"Captain Underpants: The First Epic Movie"
499,"The Carmilla Movie"
500,"The Case For Christ"
501,"Chappaquiddick"
502,"C Hi Ps"
503,"The Circle"
504,"Coco"
505,"Condorito"
506,"Crooked House"
507,"A Cure for Wellness"
508,"Daddy's Home 2"
509,"Darkest Hour"
510,"The Dark Maidens"
511,"The Dark Tower"
512,"Dead Again in Tombstone"
513,"Death House"
514,"Death Note (2017)"
515,"The Death of Stalin"
516,"Detroit"
517,"The Disaster Artist"
518,"Dismissed"
519,"A Dog's Purpose"
520,"Downsizing"
521,"Dunkirk"
522,"The Emoji Movie"
523,"The Endless"
524,"Everything, Everything"
525,"Extinction (2018)"
526,"The Evil Within"
527,"A Fantastic Woman"
528,"Fat Camp"
529,"Father Figures"
530,"Ferdinand"
531,"The Story of Ferdinand"
532,"First They Killed My Father"
533,"Fist Fight"
534,"The Florida Project"
535,"The Foreigner"
536,"Free Fire"
537,"Fullmetal Alchemist"
538,"Geostorm"
539,"Get Out"
540,"Gintama"
541,"Girls Trip"
542,"A Ghost Story"
543,"Ghost in the Shell"
544,"Gifted"
545,"The Glass Castle"
546,"Going in Style"
547,"Good Time"
548,"Goodbye Christopher Robin"
549,"The Greatest Showman"
550,"Guardians"
551,"Happy Death Day"
552,"Happy End"
553,"Here Alone"
554,"Hey Arnold! The Jungle Movie"
555,"Hey Arnold! The Movie"
556,"The Hitman's Bodyguard"
557,"Highway Rat"
558,"The Hollow Child"
559,"Hostiles"
560,"iBoy"
561,"I Don't Feel at Home in This World Anymore"
562,"Ingrid Goes West"
563,"It Comes at Night"
564,"I, Tonya"
565,"Jesus, Bro!"
566,"Kamen Rider × Super Sentai: Chou Super Hero Taisen"
567,"Kidnap"
568,"Killing Gunther"
569,"The Killing of a Sacred Deer"
570,"King Arthur: Legend of the Sword"
571,"Lady Bird"
572,"Lady Macbeth"
573,"Last Flag Flying"
574,"The Layover"
575,"Let There Be Light"
576,"Life"
577,"Little Evil"
578,"The Little Hours"
579,"Logan Lucky"
580,"The Lost City of Z"
581,"Loveless"
582,"Loving Vincent"
583,"Lu Over the Wall"
584,"Magical Girl Lyrical Nanoha Reflection"
585,"The Mansion"
586,"The Man Who Invented Christmas"
587,"The Man with the Iron Heart"
588,"Marjorie Prime"
589,"Mary and The Witch's Flower"
590,"Mayhem"
591,"The Meyerowitz Stories"
592,"Michael Bolton's Big, Sexy Valentine's Day Special"
593,"Molly's Game"
594,"Mother"
595,"Mudbound"
596,"The Mummy"
597,"Murder on the Orient Express"
598,"My Friend Dahmer"
599,"Noob: La Croisée des Destins"
600,"Novitiate"
601,"The Nut Job 2: Nutty by Nature"
602,"Okja"
603,"Only the Brave"
604,"The Other Side of Hope"
605,"Peach Girl"
606,"Phantom Thread"
607,"Polaroid"
608,"The Polka King"
609,"The Post"
610,"Power Rangers"
611,"Professor Marston and the Wonder Women"
612,"Ravenous"
613,"Raw"
614,"Resident Evil: Vendetta"
615,"Richard the Stork"
616,"The Ritual"
617,"Roman J. Israel, Esq."
618,"Rough Night"
619,"Sahara"
620,"The Saint"
621,"Same Kind of Different as Me"
622,"The Shack"
623,"The Shape of Water"
624,"Shockwave"
625,"Shot Caller"
626,"Sicilian Ghost Story"
627,"Smurfs: The Lost Village"
628,"The Snowman"
629,"The Space Between Us"
630,"Speech And Debate"
631,"Spielberg"
632,"The Square"
633,"The Star"
634,"Steps Trodden Black"
635,"Suburbicon"
636,"Super Dark Times"
637,"T2 Trainspotting"
638,"Table 19"
639,"A Taxi Driver"
640,"Their Finest"
641,"This Is Your Death"
642,"To the Bone"
643,"Toc Toc"
644,"Tour De Pharmacy"
645,"Tragedy Girls"
646,"Trench 11"
647,"Under the Tree"
648,"Unforgettable"
649,"Valerian and the City of a Thousand Planets"
650,"Voice from the Stone"
651,"The Wall"
652,"Wind River"
653,"War Machine"
654,"What Happened to Monday"
655,"Wheelman"
656,"Wilson"
657,"Wish Upon"
658,"Woody Woodpecker"
659,"XX"
660,"X Xx Return Of Xander Cage"
661,"The 15:17 to Paris"
662,"22-Jul"
663,"A Simple Favor"
664,"Accident Man"
665,"Acrimony"
666,"Adrift"
667,"Alpha (2018)"
668,"American Animals"
669,"Ana"
670,"Annihilation"
671,"Anon"
672,"Apostle"
673,"Assassination Nation"
674,"Astro"
675,"Bad Samaritan"
676,"Bad Times at the El Royale"
677,"The Bastard Sword"
678,"Beautiful Boy"
679,"Best F(r)iends"
680,"Billionaire Boys Club"
681,"BlacKkKlansman"
682,"Bleach"
683,"Blindsided The Game"
684,"Blockers"
685,"Bohemian Rhapsody"
686,"Charming"
687,"Christopher Robin"
688,"Climax"
689,"Cold War"
690,"Come Sunday"
691,"Crazy Rich Asians"
692,"Daphne & Velma"
693,"The Darkest Minds"
694,"Death Wish (2018)"
695,"Delirium (2018)"
696,"Den of Thieves"
697,"Destination Wedding"
698,"Down a Dark Hall"
699,"Early Man"
700,"Eighth Grade"
701,"The Equalizer 2"
702,"Escape Plan 2: Hades"
703,"Fahrenheit 451"
704,"Final Score"
705,"First Man"
706,"First Reformed"
707,"Flavors Of Youth"
708,"A Futile and Stupid Gesture"
709,"Game Night"
710,"Game Over, Man!"
711,"Ghostland"
712,"Gleahan and the Knaves of Industry"
713,"God's Not Dead: A Light in Darkness"
714,"Gotti"
715,"The Grinch"
716,"Gnome Alone"
717,"Gringo"
718,"The Guernsey Literary and Potato Peel Pie Society"
719,"The Happytime Murders"
720,"The Headless Chicken"
721,"Heavy Trip"
722,"Hell Fest"
723,"Hell House LLC II: The Abaddon Hotel"
724,"Hereditary"
725,"Hold the Dark"
726,"Hotel Artemis"
727,"The House That Jack Built"
728,"The House With a Clock in Its Walls"
729,"How It Ends"
730,"Hunter Killer"
731,"I Am Not An Easy Man"
732,"Ideal Home"
733,"Isle of Dogs"
734,"The Jurassic Games"
735,"King of Thieves"
736,"Kings"
737,"Loveling"
738,"Love, Simon"
739,"Simon vs. The Homo Sapiens Agenda"
740,"Magic Camp"
741,"Mamma Mia! Here We Go Again"
742,"Mandy (2018)"
743,"The Man Who Killed Don Quixote"
744,"Mary Poppins Returns"
745,"Mary, Queen of Scots"
746,"The Meg"
747,"Midnight Sun"
748,"mid90s"
749,"Mile 22"
750,"Mirai of the Future"
751,"Mobile Suit Gundam Narrative"
752,"Mom and Dad"
753,"The Mule"
754,"Mute (2018)"
755,"My Dinner With Herve"
756,"My Hero Academia: The Two Heroes"
757,"Next Gen"
758,"The Nutcracker and the Four Realms"
759,"Ocean's 8"
760,"Occupation"
761,"The Open House"
762,"The Other Side of the Wind"
763,"Outlaw King"
764,"Overboard"
765,"Overlord (2018)"
766,"Paul, Apostle of Christ"
767,"Peppermint"
768,"Peter Rabbit"
769,"A Quiet Place"
770,"Raazi"
771,"Rampage"
772,"The Ranger"
773,"Ready Player One"
774,"Red Sparrow"
775,"Robin Hood"
776,"Searching"
777,"Set It Up"
778,"Sierra Burgess Is A Loser"
779,"The Sisters Brothers"
780,"Skyscraper"
781,"Slender Man"
782,"Smallfoot"
783,"Sorry to Bother You"
784,"Spider-Man: Into the Spider-Verse"
785,"Stan & Ollie"
786,"A Star Is Born"
787,"Status Update"
788,"The Strangers: Prey At Night"
789,"Summer Of Eighty Four"
790,"Super Fly"
791,"Support the Girls"
792,"Suspiria (2018)"
793,"Sweet Country"
794,"Tag"
795,"TAU"
796,"Teen Titans Go! To the Movies"
797,"Teen Titans Go!"
798,"Thoroughbreds"
799,"Thousand-Yard Stare"
800,"Three Identical Strangers"
801,"To All the Boys I've Loved Before"
802,"Tomb Raider"
803,"Truth or Dare"
804,"Tully"
805,"Unsane"
806,"Upgrade"
807,"Utoya 22 Juli"
808,"Venom"
809,"Vows of Deceit"
810,"What Keeps You Alive"
811,"When We First Met"
812,"Where'd You Go, Bernadette?"
813,"Winchester"
814,"A Wrinkle in Time"
815,"You Were Never Really Here"
816,"Z-O-M-B-I-E-S"
817,"Aladdin"
818,"Alita: Battle Angel"
819,"Gunnm"
820,"Artemis Fowl"
821,"Dumbo"
822,"The Grudge"
823,"Hellboy"
824,"Isn't It Romantic"
825,"Jojo Rabbit"
826,"Joker"
827,"Lady and the Tramp"
828,"The Lion King"
829,"Mowgli"
830,"Nomis"
831,"Once Upon a Time in Hollywood"
832,"Rocketman (2019)"
833,"Sonic the Hedgehog"
834,"Spies in Disguise"
835,"Top Gun: Maverick"
836,"Uglydolls"
837,"Wonder Park"
838,"Borrowed Time"
839,"Dear Basketball"
840,"Frozen Fever"
841,"Garden Party"
842,"Inner Workings"
843,"Majora's Mask - Terrible Fate"
844,"Lou"
845,"Piper"
846,"Sanjay's Super Team"
847,"Bao"
848,"Olaf's Frozen Adventure"
849,"Pearl"
850,"Trolls Holiday"
851,"We Can't Live Without Cosmos"
852,"Ave Maria"
853,"Boxed In"
854,"Deadpool: No Good Deed"
855,"De Kalb Elementary"
856,"Everything Will Be Okay"
857,"Far Cry 5: Inside Eden's Gate"
858,"Far Cry 5"
859,"High And Tight"
860,"Kung Fury"
861,"Rakka"
862,"Zygote"
863,"The Silent Child"
864,"Snow Steam Iron"
865,"Stutterer"
866,"Sunspring"
867,"6 Souls"
868,"127 Hours"
869,"13 Assassins"
870,"22 Bullets"
871,"4.3.2.1"
872,"8th Wonderland"
873,"The A-Team"
874,"Akunin"
875,"Alice in Murderland"
876,"Altitude"
877,"Alpha and Omega"
878,"Alice in Wonderland (2010)"
879,"The Amazing Bulk"
880,"The American"
881,"Animal Kingdom"
882,"Animals United"
883,"Another Year"
884,"Arrietty"
885,"Attenberg"
886,"Backyard Wedding"
887,"Barney's Version"
888,"Beck"
889,"Beneath Hill 60"
890,"Bereavement"
891,"Beyond the Black Rainbow"
892,"Big Money Rustlas"
893,"Big Tits Zombie"
894,"Biutiful"
895,"Black Death"
896,"Black Swan"
897,"Blood Junkie"
898,"Blue Valentine"
899,"The Book of Eli"
900,"The Bounty Hunter"
901,"The Boy Who Cried Werewolf"
902,"Brighton Rock"
903,"Brooklyn's Finest"
904,"Bruce Lee, My Brother"
905,"Bunny and the Bull"
906,"Bunraku"
907,"Burke and Hare"
908,"Buried"
909,"Burlesque"
910,"Card Subject to Change"
911,"Casino Jack"
912,"Catfish"
913,"A Cat in Paris"
914,"Centurion"
915,"Chain Letter"
916,"Charlie St Cloud"
917,"Chatroom"
918,"Cherrybomb"
919,"Chloe"
920,"The Christmas Bunny"
921,"A Cinderella Story: Once Upon a Song"
922,"City of Life and Death"
923,"Clash of the Titans (2010)"
924,"Cold Fish"
925,"Cold Weather"
926,"Colorful"
927,"The Company Men"
928,"Confessions"
929,"Cop Out"
930,"The Crazies (2010)"
931,"Cyrus"
932,"The Dark Side of Chocolate"
933,"Date Night"
934,"Daybreakers"
935,"The Dead"
936,"The Dead Matter"
937,"Death at a Funeral"
938,"Des hommes et des dieux"
939,"Devil"
940,"Dinner for Schmucks"
941,"Dinoshark"
942,"Dog Pound"
943,"Dragonetti The Ruthless Contract Killer"
944,"Dream Home"
945,"Due Date"
946,"Easy A"
947,"Eat, Pray, Love"
948,"Edge of Darkness"
949,"Everything Must Go"
950,"Exit Through the Gift Shop"
951,"The Extra Man"
952,"The Extraordinary Adventures of Adèle Blanc-Sec"
953,"Extraordinary Measures"
954,"Eyes in the Dark"
955,"Faster"
956,"The Fighter"
957,"File Under Miscellaneous"
958,"The Final"
959,"The First Men in the Moon"
960,"Flipped"
961,"For Colored Girls"
962,"Four Lions"
963,"Freaknik: The Musical"
964,"Friendship"
965,"From Paris with Love"
966,"Frozen"
967,"Fruitvale Station"
968,"Furry Vengeance"
969,"Get Him to the Greek"
970,"Ghost from the Machine"
971,"The Ghost Writer"
972,"Going the Distance"
973,"Good Neighbors"
974,"Green Zone"
975,"Griff the Invisible"
976,"The Guardians of the Lost Code"
977,"Gulliver's Travels"
978,"Gundam 00: A Wakening of the Trailblazer"
979,"Halo Legends"
980,"Happythankyoumoreplease"
981,"Harmony"
982,"Harry Brown"
983,"Heartbeats"
984,"Hereafter"
985,"Hisss"
986,"Holy Rollers"
987,"A Horrible Way to Die"
988,"Hot Tub Time Machine"
989,"The Housemaid"
990,"House of Bones"
991,"Hunter Prey"
992,"I Hope They Serve Beer In Hell"
993,"The Illusionist"
994,"I Love You Phillip Morris"
995,"In a Better World"
996,"Incendies"
997,"Inception"
998,"The Infidel"
999,"I Saw the Devil"
1000,"I Spit on Your Grave"
1001,"L'Italien"
1002,"It's Kind of a Funny Story"
1003,"Jackboots on Whitehall"
1004,"Jonah Hex"
1005,"Julia's Eyes"
1006,"Kaboom"
1007,"The Kids Are All Right"
1008,"The Killer Inside Me"
1009,"Killers"
1010,"King of Devil's Island"
1011,"The King's Speech"
1012,"Knight and Day"
1013,"Krai"
1014,"The Last Airbender"
1015,"The Last Exorcism"
1016,"The Last Song"
1017,"Leap Year"
1018,"Legend of the Guardians: The Owls of Ga'Hoole"
1019,"Legion"
1020,"LEGO: The Adventures of Clutch Powers"
1021,"Let Me In"
1022,"Letters to Juliet"
1023,"Living Will"
1024,"The Losers"
1025,"Love and Other Drugs"
1026,"Love Crime"
1027,"The Loved Ones"
1028,"MacGruber"
1029,"The Man from Nowhere"
1030,"A Marine Story"
1031,"Marmaduke"
1032,"Marry Me"
1033,"Marwencol"
1034,"Mega Man"
1035,"Megamind"
1036,"Megan Is Missing"
1037,"Middle Men"
1038,"Miss Nobody"
1039,"Morning Glory"
1040,"Morgan M Morgansen"
1041,"Mutant Girls Squad"
1042,"My Fathers Guests"
1043,"My Name Is Khan"
1044,"My Soul to Take"
1045,"Never Let Me Go"
1046,"The Next Three Days"
1047,"New Kids"
1048,"A Nightmare on Elm Street"
1049,"Nine Dead"
1050,"The Nutcracker in 3D"
1051,"Ondine"
1052,"Operation Endgame"
1053,"The Other Guys"
1054,"Outrage"
1055,"Paul McCartney Really Is Dead"
1056,"Peacock"
1057,"The Perfect Host"
1058,"Perrier's Bounty"
1059,"Preacher's Kid"
1060,"President's Day (2010)"
1061,"The Prince and the Pagoda Boy"
1062,"Prince of Persia: The Sands of Time"
1063,"Rabies"
1064,"Ramona and Beezus"
1065,"Rare Exports: A Christmas Tale"
1066,"Red Hill"
1067,"REDLINE"
1068,"The Reef"
1069,"Remember Me"
1070,"Repeaters"
1071,"Repo Men"
1072,"Restrepo"
1073,"Road Train"
1074,"Robot"
1075,"Room in Rome"
1076,"RPG Metanoia"
1077,"Rubber"
1078,"The Runaways"
1079,"Salt"
1080,"Scott Pilgrim vs. The World"
1081,"Secretariat"
1082,"Secret Reunion"
1083,"Sector 236: The Wrath of Thor"
1084,"Sex and the City"
1085,"Siege of the Dead"
1086,"Sharktopus"
1087,"She's Out of My League"
1088,"The Shrine"
1089,"Shutter Island"
1090,"Sintel"
1091,"Siren"
1092,"Skyline"
1093,"Smokin' Aces 2: Assassins' Ball"
1094,"The Social Network"
1095,"Solomon Kane"
1096,"Somewhere"
1097,"The Sorcerer's Apprentice"
1098,"Sound of My Voice"
1099,"Space Battleship Yamato"
1100,"The Spy Next Door"
1101,"Stake Land"
1102,"Standing Ovation"
1103,"Starstruck"
1104,"Storming Juno"
1105,"Student Services"
1106,"Submarine"
1107,"Super"
1108,"Summer Eleven"
1109,"The Switch"
1110,"Sweaty Beards"
1111,"Sword Of Desperation"
1112,"Takers"
1113,"Tales of an Ancient Empire"
1114,"Tamara Drewe"
1115,"The Taqwacores"
1116,"Tekken"
1117,"The Tempest"
1118,"Temple Grandin"
1119,"This Is Not A Movie"
1120,"Ties That Bind"
1121,"Tomorrow: When the War Began"
1122,"The Tooth Fairy"
1123,"The Tourist"
1124,"The Town"
1125,"The Troll Hunter"
1126,"TRON: Legacy"
1127,"True Grit"
1128,"Tucker & Dale Vs. Evil"
1129,"Ultraman Zero: The Revenge of Belial"
1130,"Ultramarines"
1131,"Uncle Boonmee Who Can Recall His Past Lives"
1132,"Under the Roman Sky"
1133,"Undocumented"
1134,"Uninhabited"
1135,"Unstoppable"
1136,"Unthinkable"
1137,"Valentine's Day"
1138,"Vampires Suck"
1139,"Vanishing on 7th Street"
1140,"Wall Street: Money Never Sleeps"
1141,"The Ward"
1142,"The Warrior's Way"
1143,"The Way"
1144,"Ways to Live Forever"
1145,"We Are the Night"
1146,"Welcome to the Rileys"
1147,"When in Rome"
1148,"Why Did I Get Married Too"
1149,"Who Killed Captain Alex?"
1150,"Wild Target"
1151,"Winter's Bone"
1152,"The Wolfman"
1153,"Womb"
1154,"Yellow Brick Road"
1155,"You Again"
1156,"You Are Here"
1157,"You Are Umasou"
1158,"You Will Meet a Tall Dark Stranger"
1159,"Yogi Bear"
1160,"Zonad"
1161,"17 Miracles"
1162,"30 Minutes or Less"
1163,"50/50"
1164,"247°F"
1165,"Abduction"
1166,"Absentia"
1167,"The Adjustment Bureau"
1168,"The Adventures of Tintin"
1169,"Almighty Thor"
1170,"Alps"
1171,"Amanda Knox: Murder on Trial in Italy"
1172,"Angel Dog"
1173,"Anonymous"
1174,"Another Earth"
1175,"Apartment 143"
1176,"Apollo 18"
1177,"The Artist"
1178,"Arthur Christmas"
1179,"Assassination Games"
1180,"Asylum: Blackout"
1181,"Atlas Shrugged"
1182,"Attack the Block"
1183,"The Awakening"
1184,"Bad Teacher"
1185,"Battle: Los Angeles"
1186,"The Beaver"
1187,"Being Elmo: A Puppeteer's Journey"
1188,"Bernie"
1189,"Best Player"
1190,"Beverly Hills Chihuahua"
1191,"Beyond the Border"
1192,"The Big Year"
1193,"Bitter Lake"
1194,"Blitz"
1195,"Blood Was Everywhere"
1196,"Bloody Bloody Bible Camp"
1197,"The Borrowers"
1198,"Branded"
1199,"Bridesmaids"
1200,"BUTter"
1201,"Catch .44"
1202,"Carnage"
1203,"Cedar Rapids"
1204,"Chalet Girl"
1205,"Children of the Corn: Genesis"
1206,"Children Who Chase Lost Voices"
1207,"Chinese Takeaway"
1208,"Colombiana"
1209,"Conan the Barbarian (2011)"
1210,"The Conspirator"
1211,"Contagion"
1212,"Coriolanus"
1213,"Country Strong"
1214,"Courageous"
1215,"Cowboys & Aliens"
1216,"Crazy Stupid Love"
1217,"The Crucible"
1218,"A Dangerous Method"
1219,"The Darkest Hour"
1220,"The Debt"
1221,"The Decoy Bride"
1222,"The Deep Blue Sea"
1223,"Demons Never Die"
1224,"The Descendants"
1225,"Detention"
1226,"The Devil's Double"
1227,"The Dilemma"
1228,"Dolphin Tale"
1229,"Don't be Afraid of the Dark"
1230,"Dream House"
1231,"Dreams of a Life"
1232,"Drive"
1233,"Drive Angry"
1234,"The Eagle"
1235,"Exit"
1236,"Extraterrestre"
1237,"Extremely Loud & Incredibly Close"
1238,"A Fairly Odd Movie: Grow Up, Timmy Turner!"
1239,"Fast Girls"
1240,"Father's Day"
1241,"Flowers of War"
1242,"Flying Swords of Dragon Gate"
1243,"Footloose"
1244,"Freerunner"
1245,"Fright Night"
1246,"Fright Night (1985)"
1247,"Friends with Benefits"
1248,"The Front Line"
1249,"From Up on Poppy Hill"
1250,"The Future"
1251,"Geek Charming"
1252,"Grave Encounters"
1253,"The Green Hornet"
1254,"Green Lantern"
1255,"The Guard"
1256,"Hall Pass"
1257,"Hanna"
1258,"Le Havre"
1259,"Headhunters"
1260,"The Help"
1261,"Hesher"
1262,"Hick"
1263,"Hobo with a Shotgun"
1264,"Hop"
1265,"Horrible Bosses"
1266,"How to Get Rid of Cellulite"
1267,"Hugo"
1268,"Hunky Dory"
1269,"Hysteria"
1270,"I Am Number Four"
1271,"The Ides of March"
1272,"Immortals"
1273,"The Inbetweeners"
1274,"Insidious"
1275,"In the Name of the King 2: Two Worlds"
1276,"In Time"
1277,"Intouchables"
1278,"Ironclad"
1279,"The Iron Lady"
1280,"J. Edgar"
1281,"Jack and Jill"
1282,"Jane Eyre"
1283,"Jeff, Who Lives at Home"
1284,"Jerusalem Countdown"
1285,"Jiro Dreams of Sushi"
1286,"Juan of the Dead"
1287,"Jumping the Broom"
1288,"Just Go With It"
1289,"Kill List"
1290,"Killer Elite"
1291,"Killer Joe"
1292,"Killing Bono"
1293,"Larry Crowne"
1294,"The Last Circus"
1295,"Leafie, a Hen into the Wild"
1296,"The Ledge"
1297,"The Legend of Awesomest Maximus"
1298,"Legend of the Hero of the Realm"
1299,"Lemonade Mouth"
1300,"A Letter to Momo"
1301,"Life Partners"
1302,"Like Crazy"
1303,"Limitless"
1304,"The Lincoln Lawyer"
1305,"Livid"
1306,"A Lonely Place to Die"
1307,"Lost In Paradise"
1308,"Machine Gun Preacher"
1309,"Magic Beyond Words: The J. K. Rowling Story"
1310,"Manborg"
1311,"Margin Call"
1312,"Martha Marcy May Marlene"
1313,"Mars Needs Moms"
1314,"The Mechanic"
1315,"Melancholia"
1316,"Midnight in Paris"
1317,"The Mill And The Cross"
1318,"Moneyball"
1319,"Monster Brawl"
1320,"Monte Carlo"
1321,"Mr. Popper's Penguins"
1322,"My Way"
1323,"My Week with Marilyn"
1324,"New Year's Eve"
1325,"No Strings Attached"
1326,"Nova Zembla"
1327,"October Baby"
1328,"Our Idiot Brother"
1329,"Page Eight"
1330,"Page One: Inside the New York Times"
1331,"The Painting"
1332,"Paranoia"
1333,"Paul"
1334,"Phineas and Ferb The Movie: Across the 2nd Dimension"
1335,"La Piel Que Habito"
1336,"Polite People"
1337,"Poolboy Drowning Out The Fury"
1338,"Priest (2011)"
1339,"Prom"
1340,"Punch"
1341,"Quick"
1342,"Rango"
1343,"Real Steel"
1344,"Red Dog"
1345,"Red Faction: Origins"
1346,"Red Riding Hood"
1347,"Red State"
1348,"Rio"
1349,"Rio 2"
1350,"Robotropolis"
1351,"Ronal the Barbarian"
1352,"The Roommate"
1353,"Romeos"
1354,"The Rum Diary"
1355,"Salvation Boulevard"
1356,"Sanctum"
1357,"Savages Crossing"
1358,"Season of the Witch"
1359,"A Separation"
1360,"Shame"
1361,"Shaolin"
1362,"Shark Night"
1363,"Sherlock Holmes: A Game of Shadows"
1364,"Shish O Besh"
1365,"Simon and the Oaks"
1366,"Singham"
1367,"The Sitter"
1368,"Sleeping Beauty"
1369,"Sleep Tight"
1370,"Snow Flower and the Secret Fan"
1371,"Something Borrowed"
1372,"The Sorcerer and the White Snake"
1373,"Soul Surfer"
1374,"Source Code"
1375,"Steve Niles' Remains"
1376,"The Strange Thing About the Johnsons"
1377,"StrawDogs"
1378,"Sucker Punch"
1379,"Sunny"
1380,"The Sunset Limited"
1381,"Super 8"
1382,"Swordsmen"
1383,"Take Shelter"
1384,"Teen Spirit"
1385,"Tekken: Blood Vengeance"
1386,"Temptation Island"
1387,"The Thing"
1388,"Third Star"
1389,"This Must Be The Place"
1390,"The Three Musketeers"
1391,"TILT"
1392,"Tinker, Tailor, Soldier, Spy"
1393,"Tomboy"
1394,"Tower Heist"
1395,"The Tragedy of Man"
1396,"The Tree of Life"
1397,"The Way Back"
1398,"Trespass"
1399,"Trust"
1400,"Turn Me On Dammit"
1401,"Twixt"
1402,"Tyrannosaur"
1403,"Unknown"
1404,"Urban Explorer"
1405,"Vs"
1406,"Vile"
1407,"Wake Wood"
1408,"War Horse"
1409,"Warrior"
1410,"Water for Elephants"
1411,"W.E. (2011)"
1412,"We Bought a Zoo"
1413,"We Need to Talk About Kevin"
1414,"What's Your Number?"
1415,"The Whisperer in Darkness"
1416,"White: The Melody of the Curse"
1417,"Wild Bill"
1418,"Win Win"
1419,"Windigo"
1420,"Winnie the Pooh (2011)"
1421,"The Woman"
1422,"Wuthering Heights"
1423,"Your Highness"
1424,"Young Adult"
1425,"Zookeeper"
1426,"12/12/2012"
1427,"21 Jump Street"
1428,"100 Bloody Acres"
1429,"Abduction of Eden"
1430,"Abraham Lincoln vs. Zombies"
1431,"Adopting Terror"
1432,"Abraham Lincoln: Vampire Hunter"
1433,"Phoenix Wright: Ace Attorney"
1434,"The Act of Killing"
1435,"Act of Valor"
1436,"Adventures in Zambezia"
1437,"After"
1438,"Aftershock"
1439,"Alex Cross"
1440,"Alles Is Familie"
1441,"Amber Alert"
1442,"American Mary"
1443,"Amour"
1444,"The Angels' Share"
1445,"Antiviral"
1446,"Any Questions for Ben?"
1447,"The Apparition"
1448,"Arbitrage"
1449,"Argo"
1450,"As One"
1451,"Asterix and Obelix: God Save Britannia"
1452,"Bachelorette"
1453,"Badass"
1454,"Bait 3D"
1455,"Battleship"
1456,"The Bay"
1457,"The Battery"
1458,"Beasts of the Southern Wild"
1459,"Berberian Sound Studio"
1460,"The Best Exotic Marigold Hotel"
1461,"Big Miracle"
1462,"The Body"
1463,"Brake"
1464,"Brave"
1465,"The Brass Teapot"
1466,"Bring Me the Head of the Machine Gun Woman"
1467,"The Cabin in the Woods"
1468,"The Campaign"
1469,"Casa De Mi Padre"
1470,"Celeste And Jesse Forever"
1471,"Chernobyl Diaries"
1472,"Chronicle"
1473,"Cinderella 3D"
1474,"The Cinema Snob Movie"
1475,"Cloud Atlas"
1476,"Cockneys vs. Zombies"
1477,"Come Out and Play"
1478,"Compliance"
1479,"The Conspiracy"
1480,"Cosmopolis"
1481,"Damsels in Distress"
1482,"The Dark Knight Rises"
1483,"Dark Shadows"
1484,"Dead Before Dawn"
1485,"Delhi Safari"
1486,"Dead Mine"
1487,"Dead Season"
1488,"Dead Sushi"
1489,"The Devil Inside"
1490,"The Devil's Carnival"
1491,"The Dictator"
1492,"The Dinosaur Project"
1493,"Disconnect"
1494,"The Divide"
1495,"Django Unchained"
1496,"Djinn"
1497,"Dredd"
1498,"Eega"
1499,"Ekfie Hopkins: Cannibal Hunter"
1500,"Elvis Found Alive"
1501,"Emperor"
1502,"End of Watch"
1503,"Ernest et Célestine"
1504,"Excision"
1505,"A Fantastic Fear of Everything"
1506,"Farewell My Queen"
1507,"Fire with Fire"
1508,"The Five-Year Engagement"
1509,"Flight"
1510,"For A Good Time Call"
1511,"Fortress"
1512,"found."
1513,"Fraktus"
1514,"Frances Ha"
1515,"Frankenweenie"
1516,"Fresh Meat"
1517,"Friends With Kids"
1518,"Fun Size"
1519,"Gambit"
1520,"Get the Gringo"
1521,"Ghost Graduation"
1522,"Ghost Rider: Spirit of Vengeance"
1523,"Girl vs. Monster"
1524,"God Bless America"
1525,"Golden Winter"
1526,"Gone"
1527,"Goon"
1528,"Grabbers"
1529,"The Grandmaster"
1530,"Grave Encounters 2"
1531,"The Grey"
1532,"The Guillotines"
1533,"Halo 4: Forward Unto Dawn"
1534,"The Haunting of Whaley House"
1535,"Haywire"
1536,"Head Over Heels"
1537,"The Healing"
1538,"Heart String Marionette"
1539,"Hemingway & Gellhorn"
1540,"Here Comes the Boom"
1541,"Hitchcock"
1542,"Hirokin: The Last Samurai"
1543,"Hold Your Breath"
1544,"Holy Motors"
1545,"HOUBA! On the Trail of the Marsupilami"
1546,"House at the End of the Street"
1547,"The Hunt"
1548,"Hyde Park on Hudson"
1549,"The Illusionauts"
1550,"I Wish"
1551,"The Iceman"
1552,"Imaginaerum"
1553,"The Impossible"
1554,"Into The White"
1555,"Its A Disaster"
1556,"Indie Game: The Movie"
1557,"The Innkeepers"
1558,"The Invisible War"
1559,"Iron Sky"
1560,"John Carter"
1561,"John Dies at the End"
1562,"Juan In A Million"
1563,"Killer Toon"
1564,"Killing Them Softly"
1565,"Kon-Tiki"
1566,"Krishna Aur Kans"
1567,"La Revolución Es Un Sueño Eterno"
1568,"Lawless"
1569,"Liberal Arts"
1570,"The Life of Guskou Budori"
1571,"Life of Pi"
1572,"Lincoln"
1573,"Liz & Dick"
1574,"Lockout"
1575,"LOL"
1576,"Looper"
1577,"The Lorax"
1578,"The Lost Coast Tapes"
1579,"Lovely Molly"
1580,"Mabo"
1581,"Man on a Ledge"
1582,"The Man with the Iron Fists"
1583,"The Marriage Chronicles"
1584,"The Master"
1585,"Memorial Day"
1586,"Mental"
1587,"Midnight's Children"
1588,"Mirror, Mirror"
1589,"Les Miserables"
1590,"Moonrise Kingdom"
1591,"Moron Five and the Crying Lady"
1592,"The Moth Diaries"
1593,"Much Ado About Nothing"
1594,"Mud"
1595,"My Awkward Sexual Adventure"
1596,"No"
1597,"Noobz"
1598,"Not Fade Away"
1599,"One for the Money"
1600,"The Oogieloves in the Big Balloon Adventure"
1601,"The Pact"
1602,"ParaNorman"
1603,"Pariah"
1604,"The Perks of Being a Wallflower"
1605,"Picture Day"
1606,"The Pirates! In an Adventure with Scientists!"
1607,"Populaire"
1608,"The Possession"
1609,"Possession"
1610,"Premium Rush"
1611,"Project X"
1612,"Puhdistus"
1613,"Quartet"
1614,"Radio Rebel"
1615,"The Raven"
1616,"Reality"
1617,"Red Dawn"
1618,"Red Lights"
1619,"Red Tails"
1620,"Resident Evil: Damnation"
1621,"Resolution"
1622,"Rise of the Guardians"
1623,"The Rite"
1624,"Road To Hell"
1625,"Robot and Frank"
1626,"Rock of Ages"
1627,"A Royal Affair"
1628,"Ruby Sparks"
1629,"Safe"
1630,"Safe House"
1631,"Safety Not Guaranteed"
1632,"The Sapphires"
1633,"Savages"
1634,"Save Your Legs!"
1635,"Saving the Titanic"
1636,"Scary or Die"
1637,"Searching for Sugar Man"
1638,"Seeking a Friend for the End of the World"
1639,"The Sessions"
1640,"Seven Psychopaths"
1641,"Shiver"
1642,"Sightseers"
1643,"Silent Hill: Revelation 3D"
1644,"Silent Night"
1645,"Silver Linings Playbook"
1646,"Sinister"
1647,"Sleepwalk With Me"
1648,"Smashed"
1649,"Smiley"
1650,"The Snow Queen (2012)"
1651,"So Undercover"
1652,"Soegija"
1653,"Sparkle"
1654,"Stand Up Guys"
1655,"Stitches"
1656,"Struck By Lightning"
1657,"The Sweeney"
1658,"Sword of the Assassin"
1659,"Tad, the Lost Explorer"
1660,"Taeter City"
1661,"Tai Chi Zero"
1662,"The Tall Man"
1663,"Ted"
1664,"That's My Boy"
1665,"The Odd Life of Timothy Green"
1666,"The Thieves"
1667,"Think Like a Man"
1668,"This Is 40"
1669,"This Means War!"
1670,"A Thousand Words"
1671,"The Three Stooges"
1672,"Thunderstruck"
1673,"Tim & Eric's Billion Dollar Movie"
1674,"To Rome with Love"
1675,"Total Recall"
1676,"To the Wonder"
1677,"Tower Block"
1678,"Traveling Salesman"
1679,"Trouble with the Curve"
1680,"Ultraman Saga"
1681,"Unicorn City"
1682,"Upside Down"
1683,"The Vow"
1684,"War of the Worlds: Goliath"
1685,"War Witch"
1686,"The Watch"
1687,"Werewolf: The Beast Among Us"
1688,"Where the Dead Go to Die"
1689,"White Tiger"
1690,"What Richard Did"
1691,"What's in a Name?"
1692,"Wither"
1693,"The Woman in Black"
1694,"The Words"
1695,"Would You Rather"
1696,"Wu Dang"
1697,"Your Sister's Sister"
1698,"Zarafa"
1699,"Zero Dark Thirty"
1700,"2 Guns"
1701,"9 Month Stretch"
1702,"12 Years a Slave"
1703,"13/13/13"
1704,"21 and Over"
1705,"42"
1706,"47 Ronin"
1707,"4Closed"
1708,"About Time"
1709,"Admission"
1710,"Adult World"
1711,"An Adventure in Space and Time"
1712,"Afflicted"
1713,"After Earth"
1714,"Afternoon Delight"
1715,"After The Dark"
1716,"Alan Partridge: Alpha Papa"
1717,"All Cheerleaders Die"
1718,"All Is Lost"
1719,"All Superheroes Must Die"
1720,"Amiche Da Morire"
1721,"American Hustle"
1722,"American Idiot"
1723,"Anchorman 2: The Legend Continues"
1724,"Another Me"
1725,"Assault on Wall Street"
1726,"August: Osage County"
1727,"Austenland"
1728,"Babysitter Massacre"
1729,"Bad Grandpa"
1730,"Banshee Chapter"
1731,"Bayonetta: Bloody Fate"
1732,"Beautiful Creatures"
1733,"Begin Again"
1734,"Behind the Candelabra"
1735,"Belle"
1736,"The Bell Witch Haunting"
1737,"The Best Offer"
1738,"Big Ass Spider"
1739,"Big Bad Wolves"
1740,"The Big Wedding"
1741,"Birdemic 2: The Resurrection"
1742,"The Bling Ring"
1743,"Blood Punch"
1744,"Blood Slaughter Massacre"
1745,"Bloody Homecoming"
1746,"Blue Is the Warmest Color"
1747,"Blue Jasmine"
1748,"Blue Ruin"
1749,"Borgman"
1750,"Brain Divided"
1751,"Bullet to the Head"
1752,"The Butler"
1753,"Byzantium"
1754,"The Call"
1755,"Captain Phillips"
1756,"Carousel"
1757,"Carrie"
1758,"Cas and Dylan"
1759,"CBGB"
1760,"Chanthaly"
1761,"Chariot"
1762,"Cheap Thrills"
1763,"Clear History"
1764,"Cloudy with a Chance of Meatballs 2"
1765,"Coherence"
1766,"Cold Comes the Night"
1767,"The Colony"
1768,"Compulsion"
1769,"Computer Chess"
1770,"The Counselor"
1771,"A Country Christmas"
1772,"The Croods"
1773,"Crush"
1774,"Cupcakes"
1775,"Dallas Buyers Club"
1776,"Dark Skies"
1777,"Dead in Tombstone"
1778,"Delivery Man"
1779,"Devil's Pass"
1780,"The Dirties"
1781,"Dom Hemingway"
1782,"Don Jon"
1783,"The Double"
1784,"Dracula: The Dark Prince"
1785,"Drinking Buddies"
1786,"The East"
1787,"Elysium"
1788,"Ender's Game"
1789,"Enemy"
1790,"Epic"
1791,"Escape from Planet Earth"
1792,"Escape from Tomorrow"
1793,"Escape Plan"
1794,"Europa Report"
1795,"Evidence"
1796,"Evil Dead"
1797,"Evil Easter 3"
1798,"The Family"
1799,"Fantastic Voyage"
1800,"A Field in England"
1801,"The Fifth Estate"
1802,"Firestorm"
1803,"The Forever War"
1804,"Frankenstein's Army"
1805,"Free Birds"
1806,"Frequencies"
1807,"Fright Night 2: New Blood"
1808,"The F Word"
1809,"G.B.F."
1810,"Gallowwalkers"
1811,"Gangster Squad"
1812,"Getaway"
1813,"Ghost Shark"
1814,"Grand Piano"
1815,"Gravity"
1816,"The Great Beauty"
1817,"The Great Gatsby"
1818,"Grudge Match"
1819,"Hansel and Gretel (2013)"
1820,"Hansel & Gretel Get Baked"
1821,"Hansel & Gretel: Warriors of Witchcraft"
1822,"Hansel & Gretel: Witch Hunters"
1823,"Harold and the Purple Crayon"
1824,"A Haunted House"
1825,"Haunter"
1826,"The Heat"
1827,"her"
1828,"The History of Future Folk"
1829,"The Host"
1830,"How I Live Now"
1831,"The Hundred-Year-Old Man Who Climbed Out the Window and Disappeared"
1832,"I Know That Voice"
1833,"Identity Thief"
1834,"In a World..."
1835,"The Incredible Burt Wonderstone"
1836,"Inside Llewyn Davis"
1837,"Instructions Not Included"
1838,"The Internship"
1839,"Jack and the Cuckoo-Clock Heart"
1840,"Jack the Giant Slayer"
1841,"Jeune & jolie"
1842,"Jobs"
1843,"Judge Minty"
1844,"Jug Face"
1845,"Justin and the Knights of Valour"
1846,"Kill Your Darlings"
1847,"The Kings of Summer"
1848,"Knights of Badassdom"
1849,"The Last Days on Mars"
1850,"The Last Stand"
1851,"Last Vegas"
1852,"Locke"
1853,"The Lone Ranger"
1854,"Lone Survivor"
1855,"Lord of Tears"
1856,"The Lords of Salem"
1857,"Lovelace"
1858,"Lucky Bastard"
1859,"Machete Kills"
1860,"The Machine"
1861,"The Mafia Kills Only In The Summer"
1862,"Malavita"
1863,"Mama"
1864,"Man of Steel"
1865,"Man of Tai Chi"
1866,"Marina"
1867,"Marriage Blue"
1868,"The Martian Chronicles"
1869,"Metegol"
1870,"Mindscape"
1871,"Miss Violence"
1872,"The Mortal Instruments: City of Bones"
1873,"Movie 43"
1874,"Mr. Jones (2013)"
1875,"My Little Bossings"
1876,"Mystery Road"
1877,"Nebraska"
1878,"Night Train to Lisbon"
1879,"The Normal Heart"
1880,"The Numbers Station"
1881,"Oblivion"
1882,"Odd Thomas"
1883,"Oggy and the Cockroaches: The Movie"
1884,"Oldboy"
1885,"On the Job"
1886,"Only God Forgives"
1887,"Open Grave"
1888,"Orc Wars"
1889,"Out of the Furnace"
1890,"Oz: The Great and Powerful"
1891,"Pain and Gain"
1892,"Parker"
1893,"Passion"
1894,"Philomena"
1895,"The Place Beyond the Pines"
1896,"The Pretty One"
1897,"Prisoners"
1898,"Pro Wrestlers vs. Zombies"
1899,"Puerta De Hierro"
1900,"R100"
1901,"Raptor Ranch"
1902,"Rapture Palooza"
1903,"Red Reaper"
1904,"Reverse Runner"
1905,"Rhymes For Young Ghouls"
1906,"R.I.P.D."
1907,"Rockabilly Zombie Weekend"
1908,"Rush"
1909,"SAGA: Curse of the Shadow"
1910,"The Saratov Approach"
1911,"Savaged"
1912,"Saving Mr. Banks"
1913,"Scream Park"
1914,"The Secret Life of Walter Mitty"
1915,"Sexy Evil Genius"
1916,"Side Effects"
1917,"Snitch"
1918,"Snowpiercer"
1919,"Sonic"
1920,"Space Pirate Captain Harlock"
1921,"The Spectacular Now"
1922,"Spring Breakers"
1923,"Stalingrad"
1924,"The Starving Games"
1925,"Stoker"
1926,"Stranger by the Lake"
1927,"Sweetwater"
1928,"A Talking Cat!?!"
1929,"Tangerines"
1930,"Tasmanian Devils"
1931,"Teen Beach Movie"
1932,"Thunder and the House of Magic"
1933,"This Is the End"
1934,"The To Do List"
1935,"Trance"
1936,"Turbo"
1937,"Upldr"
1938,"Under the Skin"
1939,"Upstream Color"
1940,"Vikingdom"
1941,"Waar"
1942,"Walking with Dinosaurs"
1943,"Warm Bodies"
1944,"The Way Way Back"
1945,"We Are What We Are"
1946,"We're the Millers"
1947,"Welcome to the Jungle"
1948,"Welcome to the Punch"
1949,"White House Down"
1950,"Why Don't You Play in Hell?"
1951,"The Wicked"
1952,"Willow Creek"
1953,"WNUF Halloween Special"
1954,"The Wolf of Wall Street"
1955,"The World's End"
1956,"World War Z"
1957,"You're Next"
1958,"The Zero Theorem"
1959,"Zurich"
1960,"13 Sins"
1961,"'71"
1962,"22 Jump Street"
1963,"7500"
1964,"300: Rise of an Empire"
1965,"About Alex"
1966,"Alien Abduction"
1967,"American Sniper"
1968,"A Most Violent Year"
1969,"Alexander and the Terrible, Horrible, No Good, Very Bad Day"
1970,"Android Cop"
1971,"Angry Video Game Nerd: The Movie"
1972,"Annie"
1973,"As Above, So Below"
1974,"Automata"
1975,"Avengers Confidential: Black Widow & Punisher"
1976,"The Babadook"
1977,"Bad Words"
1978,"Barefoot"
1979,"Before I Go To Sleep"
1980,"La Belle et la Bête"
1981,"Best Night Ever"
1982,"Better Living Through Chemistry"
1983,"Beyond The Lights"
1984,"Big Eyes"
1985,"Big Hero 6"
1986,"A Birders Guide To Everything"
1987,"Birdman"
1988,"Black or White"
1989,"Black Sea"
1990,"Blackbird"
1991,"Blood Lake: Attack of the Killer Lampreys"
1992,"The Book of Life"
1993,"The Boxtrolls"
1994,"Boyhood"
1995,"Boys"
1996,"Brick Mansions"
1997,"Brotherhood of Blades"
1998,"Børning"
1999,"Cake"
2000,"Calvary"
2001,"Cantinflas"
2002,"CampXRay"
2003,"Captain Sabertooth"
2004,"Chaos on the Bridge"
2005,"Cheatin"
2006,"Chef!"
2007,"Citizenfour"
2008,"Clouds of Sils Maria"
2009,"Clown"
2010,"The Cobbler"
2011,"Cold in July"
2012,"Comic 8"
2013,"The Congress"
2014,"Cooties"
2015,"Crazed"
2016,"Cruel and Unusual"
2017,"Cuban Fury"
2018,"Dark Was the Night"
2019,"Das Finstere Tal"
2020,"Dead Lands"
2021,"Dead Snow: Red vs. Dead"
2022,"Dear White People"
2023,"Delirium (2014)"
2024,"Deliver Us from Evil"
2025,"The Den"
2026,"Dinosaur Island"
2027,"The Disappearance of Eleanor Rigby"
2028,"Dracula Untold"
2029,"Draft Day"
2030,"The Drop"
2031,"The Drownsman"
2032,"Dumb and Dumber To"
2033,"Earth to Echo"
2034,"Eagles Gathered"
2035,"Edge of Tomorrow"
2036,"Endless Love"
2037,"The Equalizer"
2038,"Exodus: Gods and Kings"
2039,"Extraterrestrial"
2040,"Falcon Rising"
2041,"The Fault in Our Stars"
2042,"Foxcatcher"
2043,"Frank"
2044,"Fury"
2045,"Get On Up"
2046,"Gett: The Trial of Viviane Amsalem"
2047,"The Gifted"
2048,"GIRLTRASH: All Night Long"
2049,"The Giver"
2050,"God Help the Girl"
2051,"God's Not Dead"
2052,"Gone Girl"
2053,"Goodnight, Mommy"
2054,"The Grand Budapest Hotel"
2055,"Grumpy Cat's Worst Christmas Ever"
2056,"The Guest"
2057,"Halo: Nightfall"
2058,"Hector and the Search for Happiness"
2059,"Heaven Is for Real"
2060,"Hercules"
2061,"Horns"
2062,"Housebound"
2063,"The Houses October Built"
2064,"Ida"
2065,"I, Frankenstein"
2066,"If I Stay"
2067,"Il Ragazzo Invisibile"
2068,"The Imitation Game"
2069,"In the Name of the King 3: Last Mission"
2070,"In Your Eyes"
2071,"The Inbetweeners 2"
2072,"Indigenous"
2073,"Infinitely Polar Bear"
2074,"Inherent Vice"
2075,"Interstellar"
2076,"The Interview"
2077,"Into The Storm"
2078,"Into the Woods"
2079,"Jack Ryan: Shadow Recruit"
2080,"Jack Strong"
2081,"Jailbait"
2082,"Jersey Boys"
2083,"The Judge"
2084,"Kenau"
2085,"Kış Uykusu"
2086,"Kite"
2087,"Kumiko The Treasure Hunter"
2088,"La Famille Belier"
2089,"Last Shift"
2090,"Late Phases"
2091,"Left Behind"
2092,"The Legend of Hercules"
2093,"Lemon Tree Passage"
2094,"Leprechaun: Origins"
2095,"Let's Be Cops"
2096,"Leviathan"
2097,"Life After Beth"
2098,"Life In A Fishbowl"
2099,"Life Itself"
2100,"Like Father, Like Son"
2101,"Lilting"
2102,"The Look of Silence"
2103,"Lost River"
2104,"Love & Mercy"
2105,"Lucy"
2106,"Magic in the Moonlight"
2107,"Maleficent"
2108,"A Matter of Faith"
2109,"Men, Women & Children"
2110,"Mercenaries"
2111,"Million Dollar Arm"
2112,"A Million Ways to Die in the West"
2113,"Moms' Night Out"
2114,"Monty Python Live (Mostly): One Down, Five to Go"
2115,"The Monuments Men"
2116,"Mr. Peabody & Sherman"
2117,"Mr Turner"
2118,"Mune: Guardian of the Moon"
2119,"My Depression"
2120,"My Old Lady"
2121,"Need for Speed"
2122,"Neighbors"
2123,"Next Goal Wins"
2124,"Nightcrawler"
2125,"Noah"
2126,"No Good Deed"
2127,"Not Cool"
2128,"No Tears for the Dead"
2129,"Not Safe for Work"
2130,"Non-Stop"
2131,"The November Man"
2132,"The Nut Job"
2133,"Nymphomaniac"
2134,"Of Dice and Men"
2135,"Obvious Child"
2136,"Oculus"
2137,"Once Upon A Time In Shanghai"
2138,"The One I Love"
2139,"Only Lovers Left Alive"
2140,"The Other Woman"
2141,"Ouija"
2142,"Our RoboCop Remake"
2143,"Outpost 37"
2144,"Pawn Sacrifice"
2145,"Persecuted"
2146,"A Pigeon Sat on a Branch Reflecting on Existence"
2147,"Poker Night"
2148,"Pompeii"
2149,"The Possession of Michael King"
2150,"Predestination"
2151,"Pride"
2152,"The Prince"
2153,"The Prophet"
2154,"The Pyramid"
2155,"The Quiet Ones"
2156,"Reach Me"
2157,"RoboCop"
2158,"Rosewater"
2159,"The Rover"
2160,"Sabotage"
2161,"The Sacrament"
2162,"Saint Seiya: Legend of Sanctuary"
2163,"The Salvation"
2164,"Saving Christmas"
2165,"The Scribbler"
2166,"See No Evil 2"
2167,"Selma"
2168,"Serena"
2169,"Seven Samurai"
2170,"Sex Ed"
2171,"Sex Tape"
2172,"The Signal"
2173,"Sin City: A Dame to Kill For"
2174,"The Sisterhood of Night"
2175,"The Skeleton Twins"
2176,"Skin Trade"
2177,"Son of God"
2178,"Song of the Sea"
2179,"Spring"
2180,"Squatters"
2181,"St. Vincent (2014)"
2182,"Stage Fright (2014)"
2183,"Starry Eyes"
2184,"Stations of the Cross"
2185,"Still Alice"
2186,"Stonehearst Asylum"
2187,"The Suicide Theory"
2188,"Swearnet"
2189,"The Taking of Deborah Logan"
2190,"Tammy"
2191,"Testament Of Youth"
2192,"That Awkward Moment"
2193,"The Theory of Everything"
2194,"These Final Hours"
2195,"This Is Where I Leave You"
2196,"Timbuktu"
2197,"Time Lapse"
2198,"Top Five"
2199,"The Town That Dreaded Sundown"
2200,"Transcendence"
2201,"The Tribe"
2202,"Turks & Caicos"
2203,"Tusk"
2204,"Two 4 One"
2205,"Ugly"
2206,"Unbroken"
2207,"Vampire Academy"
2208,"Veronica Mars"
2209,"The Voices"
2210,"A Walk Among the Tombstones"
2211,"Walking On Sunshine"
2212,"Welp"
2213,"What We Do in the Shadows"
2214,"What We Did On Our Holiday"
2215,"White God"
2216,"Wild Tales"
2217,"Where Are We Going?"
2218,"Whiplash"
2219,"Who Am I"
2220,"Wild"
2221,"Winter's Tale"
2222,"Wolfcop"
2223,"The Woman in Black: Angel of Death"
2224,"The World of Kanako"
2225,"Wyrmwood"
2226,"Yellowbird"
2227,"Zero Motivation"
2228,"Bear Story"
2229,"Day & Night"
2230,"Dimanche"
2231,"The Fantastic Flying Books of Mr. Morris Lessmore"
2232,"Feast"
2233,"Feral"
2234,"Get a Horse!"
2235,"La Luna"
2236,"The Last Belle"
2237,"The Lost Thing"
2238,Maggie Simpson in "The Longest Daycare"
2239,"Mr. Hublot"
2240,"Rabbit and Deer"
2241,"Tangled Ever After"
2242,"Wild Life (Une vie sauvage)"
2243,"Zamba's Fantastic Trip to the Falkland Islands"
2244,"Aya"
2245,"Being Homer Simpson"
2246,"The Crush"
2247,"Curfew"
2248,"A Curious Conjunction of Coincidences"
2249,"Dirty Laundry"
2250,"East of Kensington"
2251,"The Flying Man"
2252,"God of Love"
2253,"The House That Drips Blood on Alex"
2254,"Incest! The Musical"
2255,"A Gun for George"
2256,"Judy"
2257,"Pirates of the Caribbean: Tales of the Code: Wedlocked"
2258,"17 Seconds"
2259,"The Voorman Problem"
